npn,nombre_ORIGINAL,nombre_ESTANDARIZADO,nit_ORIGINAL,nit_ESTANDARIZADO,cond_ORIGINAL,cond_ESTANDARIZADA,destino_ORIGINAL,destino_ESTANDARIZADO,ph_ORIGINAL,ph_ESTANDARIZADO
880010100000002600017000000000,DEPARTAMENTO-ARCHIPIELAGO-DE-SAN-,"DEPARTAMENTO ARCHIPIELAGO DE SAN ANDRES, PROVIDENCIA Y SANTA CATALINA",0892400038-2,892400038-2,Público,Bien_Uso_Publico,R,Servicios especiales (POR VALIDAR IGAC),No,No
880010100000001230031000000000,,"DEPARTAMENTO ARCHIPIELAGO DE SAN ANDRES, PROVIDENCIA Y SANTA CATALINA",,892400038-2,Privado,Bien_Fiscal,,Sin dato,No,No
880010100000002120007000000000,DEPARTAMENTO-ARCHIPIELAGO-SAN-AND,"DEPARTAMENTO ARCHIPIELAGO DE SAN ANDRES, PROVIDENCIA Y SANTA CATALINA",0892400038-2,892400038-2,Privado,Bien_Fiscal,R,Servicios especiales (POR VALIDAR IGAC),No,No
880010100000002120024000000000,DEPARTAMENTO-ARCHIPIELAGO-SAN-AND,"DEPARTAMENTO ARCHIPIELAGO DE SAN ANDRES, PROVIDENCIA Y SANTA CATALINA",0892400038-2,892400038-2,Privado,Bien_Fiscal,R,Servicios especiales (POR VALIDAR IGAC),No,No
880010100000002710001000000000,DEPARTAMENTO-ARCHIPIELAGO-SAN-AND,"DEPARTAMENTO ARCHIPIELAGO DE SAN ANDRES, PROVIDENCIA Y SANTA CATALINA",0892400038-2,892400038-2,Privado,Bien_Fiscal,I,Institucional,No,No
880010100000001610001000000000,DEPARTAMENTO-ARCHIPIELAGO-DE-SAN-,"DEPARTAMENTO ARCHIPIELAGO DE SAN ANDRES, PROVIDENCIA Y SANTA CATALINA",0892400038-2,892400038-2,Privado,Bien_Fiscal,J,Educativo,No,No
880010100000001240030000000000,DEPARTAMENTO-ARCHIPIELAGO-DE-SAN-,"DEPARTAMENTO ARCHIPIELAGO DE SAN ANDRES, PROVIDENCIA Y SANTA CATALINA",924000380,892400038-2,Privado,Bien_Fiscal,R,Servicios especiales (POR VALIDAR IGAC),No,No
880010100000001660019000000000,DEPARTAMENTO-ARCHIPIELAGO-DE-SAN-,"DEPARTAMENTO ARCHIPIELAGO DE SAN ANDRES, PROVIDENCIA Y SANTA CATALINA",0892400038-2,892400038-2,Privado,Bien_Fiscal,G,Recreacional,No,No
880010100000001420093000000000,DEPARTAMENTO-ARCHIPIELAGO-DE-SAN-,"DEPARTAMENTO ARCHIPIELAGO DE SAN ANDRES, PROVIDENCIA Y SANTA CATALINA",0892400038-2,892400038-2,Privado,Bien_Fiscal,P,Uso publico (POR VALIDAR IGAC),No,No
880010100000002280071000000000,DEPARTAMENTO-ARCHIPIELAGO-DE-SAN-,"DEPARTAMENTO ARCHIPIELAGO DE SAN ANDRES, PROVIDENCIA Y SANTA CATALINA",0892400038-2,892400038-2,Privado,Bien_Fiscal,P,Uso publico (POR VALIDAR IGAC),No,No
880010100000000400002000000000,DEPARTAMENTO-ARCHIPIELAGO-SAN-AND,"DEPARTAMENTO ARCHIPIELAGO DE SAN ANDRES, PROVIDENCIA Y SANTA CATALINA",0892400038-2,892400038-2,Privado,Bien_Fiscal,S,Servicios (POR VALIDAR IGAC),No,No
880010100000000410010000000000,DEPARTAMENTO-ARCHIPIELAGO-DE-SAN-,"DEPARTAMENTO ARCHIPIELAGO DE SAN ANDRES, PROVIDENCIA Y SANTA CATALINA",0892400038-2,892400038-2,Privado,Bien_Fiscal,I,Institucional,No,No
880010100000000670002000000000,DEPARTAMENTO-ARCHIPIELAGO-DE-SAN-,"DEPARTAMENTO ARCHIPIELAGO DE SAN ANDRES, PROVIDENCIA Y SANTA CATALINA",892400382,892400038-2,Privado,Bien_Fiscal,A,Habitacional,No,No
880010100000000870006000000000,DEPARTAMENTO-ARCHIPIELAGO-SAN-AND,"DEPARTAMENTO ARCHIPIELAGO DE SAN ANDRES, PROVIDENCIA Y SANTA CATALINA",0892400038-2,892400038-2,Privado,Bien_Fiscal,A,Habitacional,No,No
880010100000000190019000000000,DEPARTAMENTO-ARCHIPIELAGO-DE-SAN-,"DEPARTAMENTO ARCHIPIELAGO DE SAN ANDRES, PROVIDENCIA Y SANTA CATALINA",0892400038-2,892400038-2,Privado,Bien_Fiscal,C,Comercial,No,No
880010100000000710007000000000,DEPARTAMENTO-ARCHIPIELAGO-DE-SAN-,"DEPARTAMENTO ARCHIPIELAGO DE SAN ANDRES, PROVIDENCIA Y SANTA CATALINA",0892400038-2,892400038-2,Público,Bien_Uso_Publico,G,Recreacional,No,No
880010100000000760006000000000,DEPARTAMENTO-ARCHIPIELAGO-DE-SAN-,"DEPARTAMENTO ARCHIPIELAGO DE SAN ANDRES, PROVIDENCIA Y SANTA CATALINA",0892400038-2,892400038-2,Privado,Bien_Fiscal,J,Educativo,No,No
880010100000000140001000000000,DEPARTAMENTO-ARCHIPIELAGO-DE-SAN-,"DEPARTAMENTO ARCHIPIELAGO DE SAN ANDRES, PROVIDENCIA Y SANTA CATALINA",0892400038-2,892400038-2,Privado,Bien_Fiscal,I,Institucional,No,No
880010100000000360163000000000,DEPARTAMENTO-ARCHIPIELAGO-DE-SAN-,"DEPARTAMENTO ARCHIPIELAGO DE SAN ANDRES, PROVIDENCIA Y SANTA CATALINA",0892400038-2,892400038-2,Privado,Bien_Fiscal,E,Minero,No,No
880010100000000190017000000000,DEPARTAMENTO-ARCHIPIELAGO-DE-SAN-,"DEPARTAMENTO ARCHIPIELAGO DE SAN ANDRES, PROVIDENCIA Y SANTA CATALINA",0892400038-2,892400038-2,Privado,Bien_Fiscal,C,Comercial,No,No
880010100000000670015000000000,DEPARTAMENTO-ARCHIPIELAGO-DE-SAN-,"DEPARTAMENTO ARCHIPIELAGO DE SAN ANDRES, PROVIDENCIA Y SANTA CATALINA",0892400038-2,892400038-2,Privado,Bien_Fiscal,R,Servicios especiales (POR VALIDAR IGAC),No,No
880010100000000350014000000000,DEPARTAMENTO-ARCHIPIELAGO-DE-SAN-,"DEPARTAMENTO ARCHIPIELAGO DE SAN ANDRES, PROVIDENCIA Y SANTA CATALINA",0892400038-2,892400038-2,Privado,Bien_Fiscal,I,Institucional,No,No
880010100000000120003000000000,GOBERNACION-DE-SAN-ANDRES-PROVIDE,"DEPARTAMENTO ARCHIPIELAGO DE SAN ANDRES, PROVIDENCIA Y SANTA CATALINA",0892400038-2,892400038-2,Privado,Bien_Fiscal,I,Institucional,No,No
880010100000000150001000000000,DEPARTAMENTO-ARCHIPIELAGO-DE-SAN-,"DEPARTAMENTO ARCHIPIELAGO DE SAN ANDRES, PROVIDENCIA Y SANTA CATALINA",0892400038-2,892400038-2,Público,Bien_Uso_Publico,I,Institucional,No,No
880010100000000640017000000000,DEPARTAMENTO-ARCHIPIELAGO-DE-SAN-,"DEPARTAMENTO ARCHIPIELAGO DE SAN ANDRES, PROVIDENCIA Y SANTA CATALINA",0892400038-2,892400038-2,Privado,Bien_Fiscal,J,Educativo,No,No
880010100000000130001000000000,DEPARTAMENTO-ARCHIPIELAGO-DE-SAN-,"DEPARTAMENTO ARCHIPIELAGO DE SAN ANDRES, PROVIDENCIA Y SANTA CATALINA",0892400038-2,892400038-2,Privado,Bien_Fiscal,G,Recreacional,No,No
880010100000001550001000000000,DEPARTAMENTO-ARCHIPIELAGO-DE-SAN-,"DEPARTAMENTO ARCHIPIELAGO DE SAN ANDRES, PROVIDENCIA Y SANTA CATALINA",0892400038-2,892400038-2,Público,Bien_Uso_Publico,P,Uso publico (POR VALIDAR IGAC),No,No
880010100000000120002000000000,GOBERNACION-DE-SAN-ANDRES-PROVIDE,"DEPARTAMENTO ARCHIPIELAGO DE SAN ANDRES, PROVIDENCIA Y SANTA CATALINA",0892400038-2,892400038-2,Privado,Bien_Fiscal,I,Institucional,No,No
880010100000000260024000000000,DEPARTAMENTO-ARCHIPIELAGO-DE-SAN-,"DEPARTAMENTO ARCHIPIELAGO DE SAN ANDRES, PROVIDENCIA Y SANTA CATALINA",0892400038-2,892400038-2,Público,Bien_Uso_Publico,R,Servicios especiales (POR VALIDAR IGAC),No,No
880010100000000100021000000000,DEPARTAMENTO-ARCHIPIELAGO-SAN-AND,"DEPARTAMENTO ARCHIPIELAGO DE SAN ANDRES, PROVIDENCIA Y SANTA CATALINA",0892400038-2,892400038-2,Privado,Bien_Fiscal,R,Servicios especiales (POR VALIDAR IGAC),No,No
880010100000000840003000000000,DEPARTAMENTO-ARCHIPIELAGO-DE-SAN-,"DEPARTAMENTO ARCHIPIELAGO DE SAN ANDRES, PROVIDENCIA Y SANTA CATALINA",0892400038-2,892400038-2,Público,Bien_Uso_Publico,A,Habitacional,No,No
880010100000000190016000000000,DEPARTAMENTO-ARCHIPIELAGO-DE-SAN-,"DEPARTAMENTO ARCHIPIELAGO DE SAN ANDRES, PROVIDENCIA Y SANTA CATALINA",0892400038-2,892400038-2,Privado,Bien_Fiscal,C,Comercial,No,No
880010100000000030002000000000,DEPARTAMENTO-ARCHIPIELAGO-DE-SAN-,"DEPARTAMENTO ARCHIPIELAGO DE SAN ANDRES, PROVIDENCIA Y SANTA CATALINA",0892400038-2,892400038-2,Privado,Bien_Fiscal,R,Servicios especiales (POR VALIDAR IGAC),No,No
880010100000000150002000000000,DEPARTAMENTO-ARCHIPIELAGO-DE-SAN-,"DEPARTAMENTO ARCHIPIELAGO DE SAN ANDRES, PROVIDENCIA Y SANTA CATALINA",0892400038-2,892400038-2,Privado,Bien_Fiscal,I,Institucional,No,No
880010000000000140360000000000,DEPARTAMENTO-ARCHIPIELAGO-SAN-AND,"DEPARTAMENTO ARCHIPIELAGO DE SAN ANDRES, PROVIDENCIA Y SANTA CATALINA",0892400038-2,892400038-2,Público,Bien_Uso_Publico,C,Comercial,No,No
880010000000000130121000000000,DEPARTAMENTO-ARCHIPIELAGO-DE-SAN-,"DEPARTAMENTO ARCHIPIELAGO DE SAN ANDRES, PROVIDENCIA Y SANTA CATALINA",0892400038-2,892400038-2,Público,Bien_Uso_Publico,D,Agropecuario (POR VALIDAR IGAC),No,No
880010000000000130098000000000,DEPARTAMENTO-ARCHIPIELAGO-SAN-AND,"DEPARTAMENTO ARCHIPIELAGO DE SAN ANDRES, PROVIDENCIA Y SANTA CATALINA",0892400038-2,892400038-2,Público,Bien_Uso_Publico,I,Institucional,No,No
880010000000000130096000000000,DEPARTAMENTO-ARCHIPIELAGO-DE-SAN-,"DEPARTAMENTO ARCHIPIELAGO DE SAN ANDRES, PROVIDENCIA Y SANTA CATALINA",0892400038-2,892400038-2,Público,Bien_Uso_Publico,D,Agropecuario (POR VALIDAR IGAC),No,No
880010000000000130097000000000,DEPARTAMENTO-ARCHIPIELAGO-DE-SAN-,"DEPARTAMENTO ARCHIPIELAGO DE SAN ANDRES, PROVIDENCIA Y SANTA CATALINA",0892400038-2,892400038-2,Público,Bien_Uso_Publico,D,Agropecuario (POR VALIDAR IGAC),No,No
880010000000000130094000000000,DEPARTAMENTO-ARCHIPIELAGO-DE-SAN-,"DEPARTAMENTO ARCHIPIELAGO DE SAN ANDRES, PROVIDENCIA Y SANTA CATALINA",0892400038-2,892400038-2,Público,Bien_Uso_Publico,D,Agropecuario (POR VALIDAR IGAC),No,No
880010000000000130095000000000,DEPARTAMENTO-ARCHIPIELAGO-DE-SAN-,"DEPARTAMENTO ARCHIPIELAGO DE SAN ANDRES, PROVIDENCIA Y SANTA CATALINA",0892400038-2,892400038-2,Público,Bien_Uso_Publico,D,Agropecuario (POR VALIDAR IGAC),No,No
880010000000000130099000000000,DEPARTAMENTO-ARCHIPIELAGO-DE-SAN-,"DEPARTAMENTO ARCHIPIELAGO DE SAN ANDRES, PROVIDENCIA Y SANTA CATALINA",0892400038-2,892400038-2,Público,Bien_Uso_Publico,D,Agropecuario (POR VALIDAR IGAC),No,No
880010000000000130082000000000,DEPARTAMENTO-ARCHIPIELAGO-DE-SAN-,"DEPARTAMENTO ARCHIPIELAGO DE SAN ANDRES, PROVIDENCIA Y SANTA CATALINA",0892400038-2,892400038-2,Público,Bien_Uso_Publico,B,Industrial,No,No
880010000000000130084000000000,DEPARTAMENTO-ARCHIPIELAGO-DE-SAN-,"DEPARTAMENTO ARCHIPIELAGO DE SAN ANDRES, PROVIDENCIA Y SANTA CATALINA",0892400038-2,892400038-2,Público,Bien_Uso_Publico,B,Industrial,No,No
880010000000000130088000000000,DEPARTAMENTO-ARCHIPIELAGO-DE-SAN-,"DEPARTAMENTO ARCHIPIELAGO DE SAN ANDRES, PROVIDENCIA Y SANTA CATALINA",0892400038-2,892400038-2,Público,Bien_Uso_Publico,D,Agropecuario (POR VALIDAR IGAC),No,No
880010000000000130080000000000,DEPARTAMENTO-ARCHIPIELAGO-SAN-AND,"DEPARTAMENTO ARCHIPIELAGO DE SAN ANDRES, PROVIDENCIA Y SANTA CATALINA",0892400038-2,892400038-2,Público,Bien_Uso_Publico,A,Habitacional,No,No
880010000000000100377000000000,DEPARTAMENTO-ARCHIPIELAGO-DE-SAN-,"DEPARTAMENTO ARCHIPIELAGO DE SAN ANDRES, PROVIDENCIA Y SANTA CATALINA",0892400038-2,892400038-2,Público,Bien_Uso_Publico,D,Agropecuario (POR VALIDAR IGAC),No,No
880010002000000070075000000000,DEPARTAMENTO-ARCHIPIELAGO-SAN-AND,"DEPARTAMENTO ARCHIPIELAGO DE SAN ANDRES, PROVIDENCIA Y SANTA CATALINA",0892400038-2,892400038-2,Público,Bien_Uso_Publico,A,Habitacional,No,No
880010002000000120046000000000,DEPARTAMENTO-ARCHIPIELAGO-SAN-AND,"DEPARTAMENTO ARCHIPIELAGO DE SAN ANDRES, PROVIDENCIA Y SANTA CATALINA",0892400038-2,892400038-2,Público,Bien_Uso_Publico,A,Habitacional,No,No
880010000000000142128000000000,DEPARTAMENTO-ARCHIPIELAGO-DE-SAN-,"DEPARTAMENTO ARCHIPIELAGO DE SAN ANDRES, PROVIDENCIA Y SANTA CATALINA",0892400038-2,892400038-2,Público,Bien_Uso_Publico,D,Agropecuario (POR VALIDAR IGAC),No,No
880010000000000120893000000000,DEPARTAMENTO-ARCHIPIELAGO-DE-SAN-,"DEPARTAMENTO ARCHIPIELAGO DE SAN ANDRES, PROVIDENCIA Y SANTA CATALINA",0892400159-5,892400038-2,Público,Bien_Uso_Publico,A,Habitacional,No,No
880010002000000110002000000000,DEPARTAMENTO-ARCHIPIELAGO-DE-SAN-,"DEPARTAMENTO ARCHIPIELAGO DE SAN ANDRES, PROVIDENCIA Y SANTA CATALINA",0892400038-2,892400038-2,Público,Bien_Uso_Publico,H,Salubridad,No,No
880010000000000040842000000000,DEPARTAMENTO-ARCHIPIELAGO-DE-SAN-,"DEPARTAMENTO ARCHIPIELAGO DE SAN ANDRES, PROVIDENCIA Y SANTA CATALINA",0892400038-2,892400038-2,Público,Bien_Uso_Publico,G,Recreacional,No,No
880010000000000030054000000000,DEPARTAMENTO-ARCHIPIELAGO-DE-SAN-,"DEPARTAMENTO ARCHIPIELAGO DE SAN ANDRES, PROVIDENCIA Y SANTA CATALINA",892400382000,892400038-2,Público,Bien_Uso_Publico,A,Habitacional,No,No
880010000000000070072000000000,DEPARTAMENTO-ARCHIPIELAGO-SAN-AND,"DEPARTAMENTO ARCHIPIELAGO DE SAN ANDRES, PROVIDENCIA Y SANTA CATALINA",0892400038-2,892400038-2,Público,Bien_Uso_Publico,G,Recreacional,No,No
880010000000000070018000000000,DEPARTAMENTO-ARCHIPIELAGO-SAN-AND,"DEPARTAMENTO ARCHIPIELAGO DE SAN ANDRES, PROVIDENCIA Y SANTA CATALINA",0892400038-2,892400038-2,Público,Bien_Uso_Publico,D,Agropecuario (POR VALIDAR IGAC),No,No
880010000000000070346000000000,DEPARTAMENTO-ARCHIPIELAGO-SAN-AND,"DEPARTAMENTO ARCHIPIELAGO DE SAN ANDRES, PROVIDENCIA Y SANTA CATALINA",0892400038-2,892400038-2,Público,Bien_Uso_Publico,D,Agropecuario (POR VALIDAR IGAC),No,No
880010000000000010011000000000,DEPARTAMENTO-ARCHIPIELAGO-SAN-AND,"DEPARTAMENTO ARCHIPIELAGO DE SAN ANDRES, PROVIDENCIA Y SANTA CATALINA",0892400038-2,892400038-2,Público,Bien_Uso_Publico,J,Educativo,No,No
880010000000000010452000000000,DEPARTAMENTO-ARCHIPIELAGO-DE-SAN-,"DEPARTAMENTO ARCHIPIELAGO DE SAN ANDRES, PROVIDENCIA Y SANTA CATALINA",0892400038-2,892400038-2,Público,Bien_Uso_Publico,I,Institucional,No,No
880010000000000011064000000000,DEPARTAMENTO-ARCHIPIELAGO-SAN-AND,"DEPARTAMENTO ARCHIPIELAGO DE SAN ANDRES, PROVIDENCIA Y SANTA CATALINA",0892400038-2,892400038-2,Privado,Bien_Fiscal,D,Agropecuario (POR VALIDAR IGAC),No,No
880010002000000030004000000000,DEPARTAMENTO-ARCHIPIELAGO-DE-SAN-,"DEPARTAMENTO ARCHIPIELAGO DE SAN ANDRES, PROVIDENCIA Y SANTA CATALINA",0892400038-2,892400038-2,Público,Bien_Uso_Publico,G,Recreacional,No,No
880010002000000060021000000000,DEPARTAMENTO-ARCHIPIELAGO-SAN-AND,"DEPARTAMENTO ARCHIPIELAGO DE SAN ANDRES, PROVIDENCIA Y SANTA CATALINA",0892400038-2,892400038-2,Público,Bien_Uso_Publico,D,Agropecuario (POR VALIDAR IGAC),No,No
880010002000000030005000000000,DEPARTAMENTO-ARCHIPIELAGO-DE-SAN-,"DEPARTAMENTO ARCHIPIELAGO DE SAN ANDRES, PROVIDENCIA Y SANTA CATALINA",0892400038-2,892400038-2,Público,Bien_Uso_Publico,R,Servicios especiales (POR VALIDAR IGAC),No,No
880010000000000010928000000000,DEPARTAMENTO-ARCHIPIELAGO-DE-SAN-,"DEPARTAMENTO ARCHIPIELAGO DE SAN ANDRES, PROVIDENCIA Y SANTA CATALINA",0892400038-2,892400038-2,Público,Bien_Uso_Publico,D,Agropecuario (POR VALIDAR IGAC),No,No
880010000000000010126000000000,DEPARTAMENTO-ARCHIPIELAGO-DE-SAN-,"DEPARTAMENTO ARCHIPIELAGO DE SAN ANDRES, PROVIDENCIA Y SANTA CATALINA",0892400038-2,892400038-2,Público,Bien_Uso_Publico,P,Uso publico (POR VALIDAR IGAC),No,No
880010000000000140819000000000,DEPARTAMENTO-ARCHIPIELAGO-DE-SAN-,"DEPARTAMENTO ARCHIPIELAGO DE SAN ANDRES, PROVIDENCIA Y SANTA CATALINA",0892400038-2,892400038-2,Público,Bien_Uso_Publico,A,Habitacional,No,No
880010000000000142493000000000,DEPARTAMENTO-ARCHIPIELAGO-SAN-AND,"DEPARTAMENTO ARCHIPIELAGO DE SAN ANDRES, PROVIDENCIA Y SANTA CATALINA",0892400038-2,892400038-2,Público,Bien_Uso_Publico,D,Agropecuario (POR VALIDAR IGAC),No,No
880010000000000060310000000000,DEPARTAMENTO-ARCHIPIELAGO-DE-SAN-,"DEPARTAMENTO ARCHIPIELAGO DE SAN ANDRES, PROVIDENCIA Y SANTA CATALINA",0892400038-2,892400038-2,Público,Bien_Uso_Publico,J,Educativo,No,No
880010000000000010211000000000,DEPARTAMENTO-ARCHIPIELAGO-SAN-AND,"DEPARTAMENTO ARCHIPIELAGO DE SAN ANDRES, PROVIDENCIA Y SANTA CATALINA",0892400038-2,892400038-2,Público,Bien_Uso_Publico,J,Educativo,No,No
880010000000000130089000000000,DEPARTAMENTO-ARCHIPIELAGO-DE-SAN-,"DEPARTAMENTO ARCHIPIELAGO DE SAN ANDRES, PROVIDENCIA Y SANTA CATALINA",0892400038-2,892400038-2,Público,Bien_Uso_Publico,D,Agropecuario (POR VALIDAR IGAC),No,No
