T_Id,npn,codigo_anterior,tipo_predio,condicion_predio,destino_economico_cod,destino_economico,propiedad_horizontal,area_terreno_geom_m2,area_terreno_ha,area_registral_m2,area_construida_m2,avaluo_catastral,direccion,matricula_inmobiliaria
PRE_880010100000002600017000000000,880010100000002600017000000000,88001010002600017000,Publico,Bien_Uso_Publico,R,Servicios especiales (POR VALIDAR IGAC),No,1056.59,0.1057,1047.0,0.0,12774000.0,T 10A 9 184 DAVID HILL CANCHA,450-0018185
PRE_880010100000001230031000000000,880010100000001230031000000000,88001010001230031000,Privado,Bien_Fiscal,,Sin dato,No,761.4,0.0761,0.0,0.0,0.0,,
PRE_880010100000002120007000000000,880010100000002120007000000000,88001010002120007000,Privado,Bien_Fiscal,R,Servicios especiales (POR VALIDAR IGAC),No,194.01,0.0194,195.0,0.0,585000.0,C 9 10 55 CLIFF,450-0002100
PRE_880010100000002120024000000000,880010100000002120024000000000,88001010002120024000,Privado,Bien_Fiscal,R,Servicios especiales (POR VALIDAR IGAC),No,517.36,0.0517,516.0,0.0,1548000.0,C 9 10 59 2DA FRANJA,450-0009970
PRE_880010100000002710001000000000,880010100000002710001000000000,88001010002710001000,Privado,Bien_Fiscal,I,Institucional,No,206.44,0.0206,184.0,12.0,227096000.0,C 1 5 17 A COLOMBIA C.A.I.,450-0004159
PRE_880010100000001610001000000000,880010100000001610001000000000,88001010001610001000,Privado,Bien_Fiscal,J,Educativo,No,18093.07,1.8093,17799.0,2937.0,1734577000.0,K 1A 14 101 BILL TAYLOR INSTITUTO,450-0023187
PRE_880010100000001240030000000000,880010100000001240030000000000,88001010001240030000,Privado,Bien_Fiscal,R,Servicios especiales (POR VALIDAR IGAC),No,107.37,0.0107,100.0,0.0,3600000.0,C 4 14 07,450-0002030
PRE_880010100000001660019000000000,880010100000001660019000000000,88001010001660019000,Privado,Bien_Fiscal,G,Recreacional,No,186.77,0.0187,220.0,0.0,9240000.0,K 11 20 02 PARQUE DE NATANIA,450-0022456
PRE_880010100000001420093000000000,880010100000001420093000000000,88001010001420093000,Privado,Bien_Fiscal,P,Uso publico (POR VALIDAR IGAC),No,1667.87,0.1668,1633.0,0.0,39192000.0,AREAS DE VIAS Y ZONAS VERDES,450-0005492
PRE_880010100000002280071000000000,880010100000002280071000000000,88001010002280071000,Privado,Bien_Fiscal,P,Uso publico (POR VALIDAR IGAC),No,281.78,0.0282,104.0,0.0,2496000.0,C 11B 11 91 INT,450-8287
PRE_880010100000000400002000000000,880010100000000400002000000000,88001010000400002000,Privado,Bien_Fiscal,S,Servicios (POR VALIDAR IGAC),No,62243.75,6.2244,45000.0,0.0,54000000.0,,
PRE_880010100000000410010000000000,880010100000000410010000000000,88001010000410010000,Privado,Bien_Fiscal,I,Institucional,No,717.26,0.0717,709.0,169.0,87585000.0,K 14 1 15 SARIE BAY ESTACION DE BO,450-0000126
PRE_880010100000000670002000000000,880010100000000670002000000000,88001010000670002000,Privado,Bien_Fiscal,A,Habitacional,No,35982.62,3.5983,34585.0,2529.0,18723706000.0,C 16 3 25,450-22964
PRE_880010100000000870006000000000,880010100000000870006000000000,88001010000870006000,Privado,Bien_Fiscal,A,Habitacional,No,2057.05,0.2057,2015.0,260.0,781643000.0,C 2  1B 67 CENTRO ISLAMICO IN,450-0013348
PRE_880010100000000190019000000000,880010100000000190019000000000,88001010000190019000,Privado,Bien_Fiscal,C,Comercial,No,365.29,0.0365,371.0,738.0,768809000.0,C 1A 16 07 ED FIPS SARIE BAY,450-0004030
PRE_880010100000000710007000000000,880010100000000710007000000000,88001010000710007000,Publico,Bien_Uso_Publico,G,Recreacional,No,1483.1,0.1483,1453.0,117.0,27438000.0,C 16 10E 13 POLIDEPORTIVO NATANIA,450-0009169
PRE_880010100000000760006000000000,880010100000000760006000000000,88001010000760006000,Privado,Bien_Fiscal,J,Educativo,No,4471.45,0.4471,4380.0,1414.0,653838000.0,C 14 1A 37 ED OBRAS PUBLICAS SARIE,450-0018919
PRE_880010100000000140001000000000,880010100000000140001000000000,88001010000140001000,Privado,Bien_Fiscal,I,Institucional,No,3980.33,0.398,3899.0,0.0,4679000.0,K 3 10 31,450-0011315
PRE_880010100000000360163000000000,880010100000000360163000000000,88001010000360163000,Privado,Bien_Fiscal,E,Minero,No,23785.23,2.3785,23310.0,2184.0,3790914000.0,C 8A 6A 190 JOHN WELL ESTADIO DE F,450-0015166
PRE_880010100000000190017000000000,880010100000000190017000000000,88001010000190017000,Privado,Bien_Fiscal,C,Comercial,No,551.72,0.0552,562.0,184.0,192613000.0,C 1 16 49 SARIE BAY,450-0004028
PRE_880010100000000670015000000000,880010100000000670015000000000,88001010000670015000,Privado,Bien_Fiscal,R,Servicios especiales (POR VALIDAR IGAC),No,3518.68,0.3519,2802.0,42.0,1355040000.0,OLD POINT C 5 SUR 16 110,450-0011567
PRE_880010100000000350014000000000,880010100000000350014000000000,88001010000350014000,Privado,Bien_Fiscal,I,Institucional,No,715.46,0.0715,724.0,2108.0,467600000.0,K 1 8 60 AV NEWBALL,450-0007756
PRE_880010100000000120003000000000,880010100000000120003000000000,88001010000120003000,Privado,Bien_Fiscal,I,Institucional,No,2001.63,0.2002,1937.0,0.0,2324400000.0,K 1 6 281 MACCA GROUND,450-589
PRE_880010100000000150001000000000,880010100000000150001000000000,88001010000150001000,Publico,Bien_Uso_Publico,I,Institucional,No,30303.69,3.0304,28915.0,0.0,2602350000.0,C 1 10 99 SWAMP GROUND,450-0000590
PRE_880010100000000640017000000000,880010100000000640017000000000,88001010000640017000,Privado,Bien_Fiscal,J,Educativo,No,2666.48,0.2666,2845.0,0.0,136560000.0,C 18B 3 34 ESCUELA DE VARONES BARR,450-0007563
PRE_880010100000000130001000000000,880010100000000130001000000000,88001010000130001000,Privado,Bien_Fiscal,G,Recreacional,No,46879.26,4.6879,46250.0,3973.0,1317725000.0,C 3 6 123 SWAMP GROUND,450-0015165
PRE_880010100000001550001000000000,880010100000001550001000000000,88001010001550001000,Publico,Bien_Uso_Publico,P,Uso publico (POR VALIDAR IGAC),No,261.38,0.0261,261.0,0.0,12528000.0,K 4H 20 09 SAGRADA FAMILIA,450-23370
PRE_880010100000000120002000000000,880010100000000120002000000000,88001010000120002000,Privado,Bien_Fiscal,I,Institucional,No,4574.7,0.4575,4334.0,0.0,5200800000.0,C 1 6 31 MACCA GROUND,450-587
PRE_880010100000000260024000000000,880010100000000260024000000000,88001010000260024000,Publico,Bien_Uso_Publico,R,Servicios especiales (POR VALIDAR IGAC),No,279.37,0.0279,274.0,0.0,32880000.0,K 7 6 189 ROCK HOLE,450-0001389
PRE_880010100000000100021000000000,880010100000000100021000000000,88001010000100021000,Privado,Bien_Fiscal,R,Servicios especiales (POR VALIDAR IGAC),No,225.9,0.0226,85.0,0.0,81000000.0,K 5A 1 33,450-0004158
PRE_880010100000000840003000000000,880010100000000840003000000000,88001010000840003000,Publico,Bien_Uso_Publico,A,Habitacional,No,1607.06,0.1607,1574.0,17.0,947387000.0,A 20 DE JULIO K 5 3 18,450-0012984
PRE_880010100000000190016000000000,880010100000000190016000000000,88001010000190016000,Privado,Bien_Fiscal,C,Comercial,No,453.39,0.0453,448.0,189.0,253895000.0,C 1 16 73 SARIE BAY,450-0004027
PRE_880010100000000030002000000000,880010100000000030002000000000,88001010000030002000,Privado,Bien_Fiscal,R,Servicios especiales (POR VALIDAR IGAC),No,169.51,0.017,111.0,0.0,99900000.0,K 1B 2 70,450-0001986
PRE_880010100000000150002000000000,880010100000000150002000000000,88001010000150002000,Privado,Bien_Fiscal,I,Institucional,No,1180.63,0.1181,1928.0,0.0,173520000.0,C 1 K 12 SWAMP GROUND,450-0016436
PRE_880010000000000140360000000000,880010000000000140360000000000,88001000000140360000,Publico,Bien_Uso_Publico,C,Comercial,No,8247.66,0.8248,8207.0,704.0,478935000.0,PLANTA DESALINIZADORA,450-0010183
PRE_880010000000000130121000000000,880010000000000130121000000000,88001000000130121000,Publico,Bien_Uso_Publico,D,Agropecuario (POR VALIDAR IGAC),No,1440.1,0.144,1410.0,0.0,16920000.0,BROOKS HILL,450-0009504
PRE_880010000000000130098000000000,880010000000000130098000000000,88001000000130098000,Publico,Bien_Uso_Publico,I,Institucional,No,6146.85,0.6147,6022.0,0.0,33738000.0,SCHOONER BIGHT,450-0004524
PRE_880010000000000130096000000000,880010000000000130096000000000,88001000000130096000,Publico,Bien_Uso_Publico,D,Agropecuario (POR VALIDAR IGAC),No,7960.4,0.796,7797.0,0.0,2339000.0,SCHOONER BIGHT,450-0007479
PRE_880010000000000130097000000000,880010000000000130097000000000,88001000000130097000,Publico,Bien_Uso_Publico,D,Agropecuario (POR VALIDAR IGAC),No,8565.64,0.8566,8390.0,0.0,3725000.0,SCHOONER BIGHT,450-0007539
PRE_880010000000000130094000000000,880010000000000130094000000000,88001000000130094000,Publico,Bien_Uso_Publico,D,Agropecuario (POR VALIDAR IGAC),No,9034.93,0.9035,9098.0,0.0,20776000.0,SCHOONER BIGHT,450-0008256
PRE_880010000000000130095000000000,880010000000000130095000000000,88001000000130095000,Publico,Bien_Uso_Publico,D,Agropecuario (POR VALIDAR IGAC),No,10166.93,1.0167,9959.0,540.0,87539000.0,SCHOONER BIGHT,450-0004499
PRE_880010000000000130099000000000,880010000000000130099000000000,88001000000130099000,Publico,Bien_Uso_Publico,D,Agropecuario (POR VALIDAR IGAC),No,10451.84,1.0452,10237.0,0.0,3071000.0,SCHOONER BIGHT,450-0006655
PRE_880010000000000130082000000000,880010000000000130082000000000,88001000000130082000,Publico,Bien_Uso_Publico,B,Industrial,No,2397.23,0.2397,2348.0,1020.0,995539000.0,SCHOONER BIGHT,450-0007088
PRE_880010000000000130084000000000,880010000000000130084000000000,88001000000130084000,Publico,Bien_Uso_Publico,B,Industrial,No,3351.78,0.3352,3283.0,2187.0,2191465000.0,SCHOONER BIGHT L 1,450-0004494
PRE_880010000000000130088000000000,880010000000000130088000000000,88001000000130088000,Publico,Bien_Uso_Publico,D,Agropecuario (POR VALIDAR IGAC),No,3711.05,0.3711,3635.0,1020.0,70770000.0,LA GRANJA,450-0007402
PRE_880010000000000130080000000000,880010000000000130080000000000,88001000000130080000,Publico,Bien_Uso_Publico,A,Habitacional,No,4660.22,0.466,4565.0,929.0,517961000.0,SCHOONER BIGHT,450-0001109
PRE_880010000000000100377000000000,880010000000000100377000000000,88001000000100377000,Publico,Bien_Uso_Publico,D,Agropecuario (POR VALIDAR IGAC),No,1780.27,0.178,1744.0,0.0,523000.0,GAUGH GROUND,450-0019032
PRE_880010002000000070075000000000,880010002000000070075000000000,88001000200070075000,Publico,Bien_Uso_Publico,A,Habitacional,No,1704.94,0.1705,1670.0,656.0,659837000.0,K 9 2 72 INT 10 COL EL RANCHO,450-0023027
PRE_880010002000000120046000000000,880010002000000120046000000000,88001000200120046000,Publico,Bien_Uso_Publico,A,Habitacional,No,870.17,0.087,625.0,182.0,152282000.0,C 3 6A 193 GROUND ROAD,450-0017771
PRE_880010000000000142128000000000,880010000000000142128000000000,88001000000142128000,Publico,Bien_Uso_Publico,D,Agropecuario (POR VALIDAR IGAC),No,236.6,0.0237,232.0,0.0,2784000.0,C 20A 10B 21,450-0022455
PRE_880010000000000120893000000000,880010000000000120893000000000,88001000000120893000,Publico,Bien_Uso_Publico,A,Habitacional,No,18194.48,1.8194,16115.0,195.0,98276000.0,LEVER SOUTH END LOTE 1 Y 2,450-21666
PRE_880010002000000110002000000000,880010002000000110002000000000,88001000200110002000,Publico,Bien_Uso_Publico,H,Salubridad,No,2636.84,0.2637,2577.0,0.0,61848000.0,K 11 3 145 CEMENTERIO GAUGH,450-0007561
PRE_880010000000000040842000000000,880010000000000040842000000000,88001000000040842000,Publico,Bien_Uso_Publico,G,Recreacional,No,601.47,0.0601,589.0,463.0,38305000.0,CLAYMOUNT,450-0021259
PRE_880010000000000030054000000000,880010000000000030054000000000,88001000000030054000,Publico,Bien_Uso_Publico,A,Habitacional,No,1142.32,0.1142,1117.0,297.0,132017000.0,ORANGE HILL,450-0023051
PRE_880010000000000070072000000000,880010000000000070072000000000,88001000000070072000,Publico,Bien_Uso_Publico,G,Recreacional,No,1106.46,0.1106,1084.0,184.0,27634000.0,ESCUELA LA UNION,
PRE_880010000000000070018000000000,880010000000000070018000000000,88001000000070018000,Publico,Bien_Uso_Publico,D,Agropecuario (POR VALIDAR IGAC),No,1109.73,0.111,1087.0,96.0,46195000.0,MARIALL HILL,450-0011190
PRE_880010000000000070346000000000,880010000000000070346000000000,88001000000070346000,Publico,Bien_Uso_Publico,D,Agropecuario (POR VALIDAR IGAC),No,4549.48,0.4549,4456.0,0.0,9358000.0,TITAS 1,450-0019822
PRE_880010000000000010011000000000,880010000000000010011000000000,88001000000010011000,Publico,Bien_Uso_Publico,J,Educativo,No,3698.46,0.3698,3623.0,0.0,56358000.0,ESCUELA FLOWERS HIILL BARKER ZIGLE,450-0023182
PRE_880010000000000010452000000000,880010000000000010452000000000,88001000000010452000,Publico,Bien_Uso_Publico,I,Institucional,No,14117.77,1.4118,13829.0,10976.0,12642214000.0,HOOKER BIGHT,450-0019804
PRE_880010000000000011064000000000,880010000000000011064000000000,88001000000011064000,Privado,Bien_Fiscal,D,Agropecuario (POR VALIDAR IGAC),No,34.62,0.0035,33.0,0.0,990000.0,HOOKER BIGHT,450-0011558
PRE_880010002000000030004000000000,880010002000000030004000000000,88001000200030004000,Publico,Bien_Uso_Publico,G,Recreacional,No,1066.95,0.1067,1045.0,222.0,45853000.0,K 6 2 143 COLISEO,450-15689
PRE_880010002000000060021000000000,880010002000000060021000000000,88001000200060021000,Publico,Bien_Uso_Publico,D,Agropecuario (POR VALIDAR IGAC),No,743.57,0.0744,727.0,0.0,17448000.0,C 2 8 07 HOOFIE,450-2740
PRE_880010002000000030005000000000,880010002000000030005000000000,88001000200030005000,Publico,Bien_Uso_Publico,R,Servicios especiales (POR VALIDAR IGAC),No,5015.96,0.5016,4913.0,0.0,117912000.0,K 6  2 19 JENNIE BAY,450-0004065
PRE_880010000000000010928000000000,880010000000000010928000000000,88001000000010928000,Publico,Bien_Uso_Publico,D,Agropecuario (POR VALIDAR IGAC),No,3760.17,0.376,3682.0,0.0,110460000.0,LA PAZ,450-0003637
PRE_880010000000000010126000000000,880010000000000010126000000000,88001000000010126000,Publico,Bien_Uso_Publico,P,Uso publico (POR VALIDAR IGAC),No,343.69,0.0344,271.0,0.0,8130000.0,VIA PUBLICA - SIMPSOM WELL,450-24186
PRE_880010000000000140819000000000,880010000000000140819000000000,88001000000140819000,Publico,Bien_Uso_Publico,A,Habitacional,No,889.01,0.0889,1394.0,682.0,436103000.0,LITTLE HILL WELL,450-0015507
PRE_880010000000000142493000000000,880010000000000142493000000000,88001000000140752000,Publico,Bien_Uso_Publico,D,Agropecuario (POR VALIDAR IGAC),No,840.58,0.0841,1850.0,0.0,15791000.0,LAX BIGHT,450-0011980
PRE_880010000000000060310000000000,880010000000000060310000000000,88001000000060310000,Publico,Bien_Uso_Publico,J,Educativo,No,16392.16,1.6392,15806.0,1020.0,313873000.0,TOM HOOKER COLEGIO CEMED,450-0009675
PRE_880010000000000010211000000000,880010000000000010211000000000,88001000000010211000,Publico,Bien_Uso_Publico,J,Educativo,No,10924.52,1.0925,10814.0,4275.0,2434941000.0,COLEGIO INSTITUTO BOLIVARIANO SLAV,450-0023188
PRE_880010000000000130089000000000,880010000000000130089000000000,88001000000130089000,Publico,Bien_Uso_Publico,D,Agropecuario (POR VALIDAR IGAC),No,3052.98,0.3053,4820.0,0.0,28920000.0,LA GRANJA,450-0007293
